<?xml version="1.0" encoding="UTF-8"?>
<!DOCTYPE suite SYSTEM "https://testng.org/testng-1.0.dtd">
<suite name="Suite">
  <test  name="Test">
	  
	  <groups>
		  
		  
		 <define name = "TwilightTestCasesGroup">
			 
			 <include name = "regression"></include>
			 <include name = "sanity"> </include>
		 
		 
		  </define>
		  <run>
			  <include name="smoke"></include>
			  <include name="sanity"></include>
			 
			  
			  
		  </run>
		  
	  </groups>
    <classes>
      <class name="TestCases.Groups"/>
    </classes>
  </test> <!-- Test -->
</suite> <!-- Suite -->
